{"cameraMode":{"drawMode":0,"name":"Shaded","section":"Shading Mode"},"sceneLighting":false,"audioPlay":false,"sceneViewState":{"showFog":true,"showMaterialUpdate":false,"showSkybox":false,"showFlares":true,"showImageEffects":true,"showParticleSystems":true},"in2DMode":false,"pivot":{"x":-42.80134963989258,"y":94.86688232421875,"z":-18.95697784423828},"rotation":{"x":-0.19111570715904237,"y":0.010892615653574467,"z":-0.002121102763339877,"w":-0.9815085530281067},"size":16.574785232543947,"orthographic":false}